DROP DATABASE IF EXISTS MATRICULA;
CREATE DATABASE MATRICULA;
USE MATRICULA;

CREATE TABLE IF NOT EXISTS Alumno (
  id_alumno       CHAR(8)  NOT NULL,
  nombre_alumno   VARCHAR(50) NOT NULL,
  curso           CHAR(6)     NOT NULL,
  fecha_matricula DATE        NOT NULL,
  PRIMARY KEY (id_alumno)
)ENGINE = InnoDB;


CREATE TABLE IF NOT EXISTS Asignatura (
  id_asignatura          CHAR(8)     NOT NULL,
  descripcion_asignatura VARCHAR(30) NOT NULL,
  PRIMARY KEY (id_asignatura)
)ENGINE = InnoDB;


CREATE TABLE IF NOT EXISTS Alumno_tiene_Asignatura (
  id_alumno      CHAR(8) NOT NULL,
  id_asignatura  CHAR(8)    NOT NULL,
  PRIMARY KEY (id_alumno, id_asignatura),
  FOREIGN KEY (id_alumno) REFERENCES Alumno (id_alumno) ON DELETE NO ACTION ON UPDATE NO ACTION,
  FOREIGN KEY (id_asignatura) REFERENCES Asignatura (id_asignatura) ON DELETE NO ACTION ON UPDATE NO ACTION
)ENGINE = InnoDB;

-- Inserciones Asignatura
INSERT INTO Asignatura VALUES ('AS1', 'Lengua');
INSERT INTO Asignatura VALUES ('AS2', 'Matemáticas');
INSERT INTO Asignatura VALUES ('AS3', 'Biología');
INSERT INTO Asignatura VALUES ('AS4', 'Historia');
INSERT INTO Asignatura VALUES ('AS5', 'Geografía');
INSERT INTO Asignatura VALUES ('AS6', 'Inglés');
INSERT INTO Asignatura VALUES ('AS7', 'Francés');
INSERT INTO Asignatura VALUES ('AS8', 'Música');
INSERT INTO Asignatura VALUES ('AS9', 'Plástica');
INSERT INTO Asignatura VALUES ('AS10', 'Lengua');
INSERT INTO Asignatura VALUES ('AS11', 'Matemáticas');
INSERT INTO Asignatura VALUES ('AS12', 'Biología');
INSERT INTO Asignatura VALUES ('AS13', 'Historia');
INSERT INTO Asignatura VALUES ('AS14', 'Geografía');
INSERT INTO Asignatura VALUES ('AS15', 'Inglés');
INSERT INTO Asignatura VALUES ('AS16', 'Francés');
INSERT INTO Asignatura VALUES ('AS17', 'Música');
INSERT INTO Asignatura VALUES ('AS18', 'Plástica');
INSERT INTO Asignatura VALUES ('AS19', 'Lengua');
INSERT INTO Asignatura VALUES ('AS20', 'Matemáticas');
INSERT INTO Asignatura VALUES ('AS21', 'Biología');
INSERT INTO Asignatura VALUES ('AS22', 'Historia');
INSERT INTO Asignatura VALUES ('AS23', 'Geografía');
INSERT INTO Asignatura VALUES ('AS24', 'Inglés');
INSERT INTO Asignatura VALUES ('AS25', 'Francés');
INSERT INTO Asignatura VALUES ('AS26', 'Música');
INSERT INTO Asignatura VALUES ('AS27', 'Plástica');
INSERT INTO Asignatura VALUES ('AS28', 'Lengua');
INSERT INTO Asignatura VALUES ('AS29', 'Matemáticas');
INSERT INTO Asignatura VALUES ('AS30', 'Biología');
INSERT INTO Asignatura VALUES ('AS31', 'Historia');
INSERT INTO Asignatura VALUES ('AS32', 'Geografía');
INSERT INTO Asignatura VALUES ('AS33', 'Inglés');
INSERT INTO Asignatura VALUES ('AS34', 'Francés');
INSERT INTO Asignatura VALUES ('AS35', 'Música');
INSERT INTO Asignatura VALUES ('AS36', 'Plástica');

-- Inserciones Alumno
INSERT INTO Alumno VALUES ('A001', 'Sam Hernandez', '1º ESO', '2023-09-16');
INSERT INTO Alumno VALUES ('A002', 'Jamie Lopez', '3º ESO', '2023-09-05');
INSERT INTO Alumno VALUES ('A003', 'Chris Hernandez', '4º ESO', '2023-09-15');
INSERT INTO Alumno VALUES ('A004', 'Chris Perez', '3º ESO', '2023-09-15');
INSERT INTO Alumno VALUES ('A005', 'Jordan Lopez', '3º ESO', '2023-09-09');
INSERT INTO Alumno VALUES ('A006', 'Cameron Perez', '1º ESO', '2023-09-16');
INSERT INTO Alumno VALUES ('A007', 'Jordan Gomez', '3º ESO', '2023-09-07');
INSERT INTO Alumno VALUES ('A008', 'Skyler Martinez', '2º ESO', '2023-09-15');
INSERT INTO Alumno VALUES ('A009', 'Alex Torres', '1º ESO', '2023-09-04');
INSERT INTO Alumno VALUES ('A010', 'Casey Diaz', '3º ESO', '2023-09-15');
INSERT INTO Alumno VALUES ('A011', 'Skyler Diaz', '2º ESO', '2023-09-07');
INSERT INTO Alumno VALUES ('A012', 'Jamie Garcia', '3º ESO', '2023-09-07');
INSERT INTO Alumno VALUES ('A013', 'Alex Garcia', '3º ESO', '2023-09-12');
INSERT INTO Alumno VALUES ('A014', 'Cameron Lopez', '2º ESO', '2023-09-15');
INSERT INTO Alumno VALUES ('A015', 'Taylor Garcia', '3º ESO', '2023-09-14');
INSERT INTO Alumno VALUES ('A016', 'Jamie Diaz', '4º ESO', '2023-09-15');
INSERT INTO Alumno VALUES ('A017', 'Skyler Garcia', '2º ESO', '2023-09-05');
INSERT INTO Alumno VALUES ('A018', 'Casey Sanchez', '1º ESO', '2023-09-05');
INSERT INTO Alumno VALUES ('A019', 'Jordan Martinez', '2º ESO', '2023-09-16');
INSERT INTO Alumno VALUES ('A020', 'Cameron Sanchez', '4º ESO', '2023-09-13');
INSERT INTO Alumno VALUES ('A021', 'Chris Hernandez', '4º ESO', '2023-09-02');
INSERT INTO Alumno VALUES ('A022', 'Taylor Lopez', '1º ESO', '2023-09-11');
INSERT INTO Alumno VALUES ('A023', 'Casey Gomez', '1º ESO', '2023-09-15');
INSERT INTO Alumno VALUES ('A024', 'Taylor Torres', '2º ESO', '2023-09-06');
INSERT INTO Alumno VALUES ('A025', 'Alex Garcia', '1º ESO', '2023-09-01');
INSERT INTO Alumno VALUES ('A026', 'Casey Gomez', '2º ESO', '2023-09-06');
INSERT INTO Alumno VALUES ('A027', 'Chris Torres', '3º ESO', '2023-09-02');
INSERT INTO Alumno VALUES ('A028', 'Sam Lopez', '4º ESO', '2023-09-06');
INSERT INTO Alumno VALUES ('A029', 'Cameron Lopez', '2º ESO', '2023-09-09');
INSERT INTO Alumno VALUES ('A030', 'Skyler Diaz', '4º ESO', '2023-09-02');
INSERT INTO Alumno VALUES ('A031', 'Alex Garcia', '3º ESO', '2023-09-01');
INSERT INTO Alumno VALUES ('A032', 'Chris Hernandez', '4º ESO', '2023-09-12');
INSERT INTO Alumno VALUES ('A033', 'Jordan Gomez', '1º ESO', '2023-09-06');
INSERT INTO Alumno VALUES ('A034', 'Jordan Garcia', '4º ESO', '2023-09-06');
INSERT INTO Alumno VALUES ('A035', 'Chris Perez', '1º ESO', '2023-09-04');
INSERT INTO Alumno VALUES ('A036', 'Jamie Perez', '2º ESO', '2023-09-05');
INSERT INTO Alumno VALUES ('A037', 'Alex Garcia', '1º ESO', '2023-09-03');
INSERT INTO Alumno VALUES ('A038', 'Chris Martinez', '3º ESO', '2023-09-13');
INSERT INTO Alumno VALUES ('A039', 'Jordan Perez', '2º ESO', '2023-09-06');
INSERT INTO Alumno VALUES ('A040', 'Chris Perez', '4º ESO', '2023-09-12');
INSERT INTO Alumno VALUES ('A041', 'Jamie Sanchez', '2º ESO', '2023-09-02');
INSERT INTO Alumno VALUES ('A042', 'Alex Sanchez', '3º ESO', '2023-09-06');
INSERT INTO Alumno VALUES ('A043', 'Jamie Garcia', '3º ESO', '2023-09-05');
INSERT INTO Alumno VALUES ('A044', 'Chris Martinez', '2º ESO', '2023-09-05');
INSERT INTO Alumno VALUES ('A045', 'Alex Diaz', '1º ESO', '2023-09-03');
INSERT INTO Alumno VALUES ('A046', 'Alex Gomez', '4º ESO', '2023-09-14');
INSERT INTO Alumno VALUES ('A047', 'Jordan Martinez', '1º ESO', '2023-09-12');
INSERT INTO Alumno VALUES ('A048', 'Morgan Gomez', '3º ESO', '2023-09-16');
INSERT INTO Alumno VALUES ('A049', 'Casey Diaz', '1º ESO', '2023-09-01');
INSERT INTO Alumno VALUES ('A050', 'Jordan Lopez', '3º ESO', '2023-09-12');
INSERT INTO Alumno VALUES ('A051', 'Casey Diaz', '4º ESO', '2023-09-02');
INSERT INTO Alumno VALUES ('A052', 'Skyler Sanchez', '4º ESO', '2023-09-03');
INSERT INTO Alumno VALUES ('A053', 'Jamie Gomez', '2º ESO', '2023-09-14');
INSERT INTO Alumno VALUES ('A054', 'Taylor Hernandez', '3º ESO', '2023-09-12');
INSERT INTO Alumno VALUES ('A055', 'Morgan Hernandez', '4º ESO', '2023-09-16');
INSERT INTO Alumno VALUES ('A056', 'Jamie Hernandez', '4º ESO', '2023-09-05');
INSERT INTO Alumno VALUES ('A057', 'Jamie Martinez', '2º ESO', '2023-09-03');
INSERT INTO Alumno VALUES ('A058', 'Sam Gomez', '1º ESO', '2023-09-10');
INSERT INTO Alumno VALUES ('A059', 'Sam Garcia', '1º ESO', '2023-09-03');
INSERT INTO Alumno VALUES ('A060', 'Chris Martinez', '1º ESO', '2023-09-06');
INSERT INTO Alumno VALUES ('A061', 'Skyler Diaz', '2º ESO', '2023-09-09');
INSERT INTO Alumno VALUES ('A062', 'Skyler Garcia', '1º ESO', '2023-09-14');
INSERT INTO Alumno VALUES ('A063', 'Casey Lopez', '4º ESO', '2023-09-04');
INSERT INTO Alumno VALUES ('A064', 'Jamie Gomez', '3º ESO', '2023-09-10');
INSERT INTO Alumno VALUES ('A065', 'Cameron Gomez', '3º ESO', '2023-09-14');
INSERT INTO Alumno VALUES ('A066', 'Taylor Garcia', '3º ESO', '2023-09-13');
INSERT INTO Alumno VALUES ('A067', 'Casey Perez', '4º ESO', '2023-09-08');
INSERT INTO Alumno VALUES ('A068', 'Casey Garcia', '2º ESO', '2023-09-04');
INSERT INTO Alumno VALUES ('A069', 'Skyler Hernandez', '4º ESO', '2023-09-13');
INSERT INTO Alumno VALUES ('A070', 'Sam Hernandez', '1º ESO', '2023-09-07');
INSERT INTO Alumno VALUES ('A071', 'Casey Hernandez', '4º ESO', '2023-09-05');
INSERT INTO Alumno VALUES ('A072', 'Cameron Gomez', '4º ESO', '2023-09-13');
INSERT INTO Alumno VALUES ('A073', 'Morgan Diaz', '1º ESO', '2023-09-06');
INSERT INTO Alumno VALUES ('A074', 'Jordan Sanchez', '3º ESO', '2023-09-15');
INSERT INTO Alumno VALUES ('A075', 'Sam Hernandez', '3º ESO', '2023-09-16');
INSERT INTO Alumno VALUES ('A076', 'Cameron Garcia', '4º ESO', '2023-09-11');
INSERT INTO Alumno VALUES ('A077', 'Jamie Ramirez', '3º ESO', '2023-09-09');
INSERT INTO Alumno VALUES ('A078', 'Skyler Lopez', '2º ESO', '2023-09-15');
INSERT INTO Alumno VALUES ('A079', 'Casey Martinez', '3º ESO', '2023-09-09');
INSERT INTO Alumno VALUES ('A080', 'Taylor Garcia', '2º ESO', '2023-09-05');
INSERT INTO Alumno VALUES ('A081', 'Jamie Martinez', '2º ESO', '2023-09-10');
INSERT INTO Alumno VALUES ('A082', 'Chris Diaz', '4º ESO', '2023-09-13');
INSERT INTO Alumno VALUES ('A083', 'Cameron Lopez', '3º ESO', '2023-09-13');
INSERT INTO Alumno VALUES ('A084', 'Sam Perez', '3º ESO', '2023-09-07');
INSERT INTO Alumno VALUES ('A085', 'Cameron Sanchez', '2º ESO', '2023-09-11');
INSERT INTO Alumno VALUES ('A086', 'Skyler Hernandez', '1º ESO', '2023-09-10');
INSERT INTO Alumno VALUES ('A087', 'Skyler Garcia', '2º ESO', '2023-09-02');
INSERT INTO Alumno VALUES ('A088', 'Chris Garcia', '2º ESO', '2023-09-08');
INSERT INTO Alumno VALUES ('A089', 'Skyler Martinez', '2º ESO', '2023-09-03');
INSERT INTO Alumno VALUES ('A090', 'Taylor Ramirez', '3º ESO', '2023-09-15');
INSERT INTO Alumno VALUES ('A091', 'Casey Torres', '3º ESO', '2023-09-15');
INSERT INTO Alumno VALUES ('A092', 'Casey Lopez', '3º ESO', '2023-09-10');
INSERT INTO Alumno VALUES ('A093', 'Alex Diaz', '3º ESO', '2023-09-15');
INSERT INTO Alumno VALUES ('A094', 'Jamie Diaz', '4º ESO', '2023-09-11');
INSERT INTO Alumno VALUES ('A095', 'Alex Martinez', '2º ESO', '2023-09-06');
INSERT INTO Alumno VALUES ('A096', 'Skyler Perez', '3º ESO', '2023-09-02');
INSERT INTO Alumno VALUES ('A097', 'Sam Martinez', '1º ESO', '2023-09-12');
INSERT INTO Alumno VALUES ('A098', 'Alex Diaz', '2º ESO', '2023-09-03');
INSERT INTO Alumno VALUES ('A099', 'Taylor Hernandez', '3º ESO', '2023-09-14');
INSERT INTO Alumno VALUES ('A100', 'Taylor Diaz', '1º ESO', '2023-09-15');

-- Inserciones Alumno_tiene_Asignatura
INSERT INTO Alumno_tiene_Asignatura VALUES ('A001', 'AS1');
INSERT INTO Alumno_tiene_Asignatura VALUES ('A001', 'AS2');
INSERT INTO Alumno_tiene_Asignatura VALUES ('A001', 'AS3');
INSERT INTO Alumno_tiene_Asignatura VALUES ('A001', 'AS4');
INSERT INTO Alumno_tiene_Asignatura VALUES ('A001', 'AS5');
INSERT INTO Alumno_tiene_Asignatura VALUES ('A001', 'AS6');
INSERT INTO Alumno_tiene_Asignatura VALUES ('A001', 'AS9');
INSERT INTO Alumno_tiene_Asignatura VALUES ('A001', 'AS8');
INSERT INTO Alumno_tiene_Asignatura VALUES ('A002', 'AS19');
INSERT INTO Alumno_tiene_Asignatura VALUES ('A002', 'AS20');
INSERT INTO Alumno_tiene_Asignatura VALUES ('A002', 'AS21');
INSERT INTO Alumno_tiene_Asignatura VALUES ('A002', 'AS22');
INSERT INTO Alumno_tiene_Asignatura VALUES ('A002', 'AS23');
INSERT INTO Alumno_tiene_Asignatura VALUES ('A002', 'AS24');
INSERT INTO Alumno_tiene_Asignatura VALUES ('A002', 'AS26');
INSERT INTO Alumno_tiene_Asignatura VALUES ('A002', 'AS27');
INSERT INTO Alumno_tiene_Asignatura VALUES ('A003', 'AS28');
INSERT INTO Alumno_tiene_Asignatura VALUES ('A003', 'AS29');
INSERT INTO Alumno_tiene_Asignatura VALUES ('A003', 'AS30');
INSERT INTO Alumno_tiene_Asignatura VALUES ('A003', 'AS31');
INSERT INTO Alumno_tiene_Asignatura VALUES ('A003', 'AS32');
INSERT INTO Alumno_tiene_Asignatura VALUES ('A003', 'AS33');
INSERT INTO Alumno_tiene_Asignatura VALUES ('A003', 'AS35');
INSERT INTO Alumno_tiene_Asignatura VALUES ('A003', 'AS34');
INSERT INTO Alumno_tiene_Asignatura VALUES ('A004', 'AS19');
INSERT INTO Alumno_tiene_Asignatura VALUES ('A004', 'AS20');
INSERT INTO Alumno_tiene_Asignatura VALUES ('A004', 'AS21');
INSERT INTO Alumno_tiene_Asignatura VALUES ('A004', 'AS22');
INSERT INTO Alumno_tiene_Asignatura VALUES ('A004', 'AS23');
INSERT INTO Alumno_tiene_Asignatura VALUES ('A004', 'AS24');
INSERT INTO Alumno_tiene_Asignatura VALUES ('A004', 'AS25');
INSERT INTO Alumno_tiene_Asignatura VALUES ('A004', 'AS26');
INSERT INTO Alumno_tiene_Asignatura VALUES ('A005', 'AS19');
INSERT INTO Alumno_tiene_Asignatura VALUES ('A005', 'AS20');
INSERT INTO Alumno_tiene_Asignatura VALUES ('A005', 'AS21');
INSERT INTO Alumno_tiene_Asignatura VALUES ('A005', 'AS22');
INSERT INTO Alumno_tiene_Asignatura VALUES ('A005', 'AS23');
INSERT INTO Alumno_tiene_Asignatura VALUES ('A005', 'AS24');
INSERT INTO Alumno_tiene_Asignatura VALUES ('A005', 'AS27');
INSERT INTO Alumno_tiene_Asignatura VALUES ('A005', 'AS26');
INSERT INTO Alumno_tiene_Asignatura VALUES ('A006', 'AS1');
INSERT INTO Alumno_tiene_Asignatura VALUES ('A006', 'AS2');
INSERT INTO Alumno_tiene_Asignatura VALUES ('A006', 'AS3');
INSERT INTO Alumno_tiene_Asignatura VALUES ('A006', 'AS4');
INSERT INTO Alumno_tiene_Asignatura VALUES ('A006', 'AS5');
INSERT INTO Alumno_tiene_Asignatura VALUES ('A006', 'AS6');
INSERT INTO Alumno_tiene_Asignatura VALUES ('A006', 'AS7');
INSERT INTO Alumno_tiene_Asignatura VALUES ('A006', 'AS9');
INSERT INTO Alumno_tiene_Asignatura VALUES ('A007', 'AS19');
INSERT INTO Alumno_tiene_Asignatura VALUES ('A007', 'AS20');
INSERT INTO Alumno_tiene_Asignatura VALUES ('A007', 'AS21');
INSERT INTO Alumno_tiene_Asignatura VALUES ('A007', 'AS22');
INSERT INTO Alumno_tiene_Asignatura VALUES ('A007', 'AS23');
INSERT INTO Alumno_tiene_Asignatura VALUES ('A007', 'AS24');
INSERT INTO Alumno_tiene_Asignatura VALUES ('A007', 'AS26');
INSERT INTO Alumno_tiene_Asignatura VALUES ('A007', 'AS25');
INSERT INTO Alumno_tiene_Asignatura VALUES ('A008', 'AS10');
INSERT INTO Alumno_tiene_Asignatura VALUES ('A008', 'AS11');
INSERT INTO Alumno_tiene_Asignatura VALUES ('A008', 'AS12');
INSERT INTO Alumno_tiene_Asignatura VALUES ('A008', 'AS13');
INSERT INTO Alumno_tiene_Asignatura VALUES ('A008', 'AS14');
INSERT INTO Alumno_tiene_Asignatura VALUES ('A008', 'AS15');
INSERT INTO Alumno_tiene_Asignatura VALUES ('A008', 'AS17');
INSERT INTO Alumno_tiene_Asignatura VALUES ('A008', 'AS16');
INSERT INTO Alumno_tiene_Asignatura VALUES ('A009', 'AS1');
INSERT INTO Alumno_tiene_Asignatura VALUES ('A009', 'AS2');
INSERT INTO Alumno_tiene_Asignatura VALUES ('A009', 'AS3');
INSERT INTO Alumno_tiene_Asignatura VALUES ('A009', 'AS4');
INSERT INTO Alumno_tiene_Asignatura VALUES ('A009', 'AS5');
INSERT INTO Alumno_tiene_Asignatura VALUES ('A009', 'AS6');
INSERT INTO Alumno_tiene_Asignatura VALUES ('A009', 'AS9');
INSERT INTO Alumno_tiene_Asignatura VALUES ('A009', 'AS8');
INSERT INTO Alumno_tiene_Asignatura VALUES ('A010', 'AS19');
INSERT INTO Alumno_tiene_Asignatura VALUES ('A010', 'AS20');
INSERT INTO Alumno_tiene_Asignatura VALUES ('A010', 'AS21');
INSERT INTO Alumno_tiene_Asignatura VALUES ('A010', 'AS22');
INSERT INTO Alumno_tiene_Asignatura VALUES ('A010', 'AS23');
INSERT INTO Alumno_tiene_Asignatura VALUES ('A010', 'AS24');
INSERT INTO Alumno_tiene_Asignatura VALUES ('A010', 'AS25');
INSERT INTO Alumno_tiene_Asignatura VALUES ('A010', 'AS27');
INSERT INTO Alumno_tiene_Asignatura VALUES ('A011', 'AS10');
INSERT INTO Alumno_tiene_Asignatura VALUES ('A011', 'AS11');
INSERT INTO Alumno_tiene_Asignatura VALUES ('A011', 'AS12');
INSERT INTO Alumno_tiene_Asignatura VALUES ('A011', 'AS13');
INSERT INTO Alumno_tiene_Asignatura VALUES ('A011', 'AS14');
INSERT INTO Alumno_tiene_Asignatura VALUES ('A011', 'AS15');
INSERT INTO Alumno_tiene_Asignatura VALUES ('A011', 'AS16');
INSERT INTO Alumno_tiene_Asignatura VALUES ('A011', 'AS17');
INSERT INTO Alumno_tiene_Asignatura VALUES ('A012', 'AS19');
INSERT INTO Alumno_tiene_Asignatura VALUES ('A012', 'AS20');
INSERT INTO Alumno_tiene_Asignatura VALUES ('A012', 'AS21');
INSERT INTO Alumno_tiene_Asignatura VALUES ('A012', 'AS22');
INSERT INTO Alumno_tiene_Asignatura VALUES ('A012', 'AS23');
INSERT INTO Alumno_tiene_Asignatura VALUES ('A012', 'AS24');
INSERT INTO Alumno_tiene_Asignatura VALUES ('A012', 'AS25');
INSERT INTO Alumno_tiene_Asignatura VALUES ('A012', 'AS26');
INSERT INTO Alumno_tiene_Asignatura VALUES ('A013', 'AS19');
INSERT INTO Alumno_tiene_Asignatura VALUES ('A013', 'AS20');
INSERT INTO Alumno_tiene_Asignatura VALUES ('A013', 'AS21');
INSERT INTO Alumno_tiene_Asignatura VALUES ('A013', 'AS22');
INSERT INTO Alumno_tiene_Asignatura VALUES ('A013', 'AS23');
INSERT INTO Alumno_tiene_Asignatura VALUES ('A013', 'AS24');
INSERT INTO Alumno_tiene_Asignatura VALUES ('A013', 'AS26');
INSERT INTO Alumno_tiene_Asignatura VALUES ('A013', 'AS27');
INSERT INTO Alumno_tiene_Asignatura VALUES ('A014', 'AS10');
INSERT INTO Alumno_tiene_Asignatura VALUES ('A014', 'AS11');
INSERT INTO Alumno_tiene_Asignatura VALUES ('A014', 'AS12');
INSERT INTO Alumno_tiene_Asignatura VALUES ('A014', 'AS13');
INSERT INTO Alumno_tiene_Asignatura VALUES ('A014', 'AS14');
INSERT INTO Alumno_tiene_Asignatura VALUES ('A014', 'AS15');
INSERT INTO Alumno_tiene_Asignatura VALUES ('A014', 'AS18');
INSERT INTO Alumno_tiene_Asignatura VALUES ('A014', 'AS16');
INSERT INTO Alumno_tiene_Asignatura VALUES ('A015', 'AS19');
INSERT INTO Alumno_tiene_Asignatura VALUES ('A015', 'AS20');
INSERT INTO Alumno_tiene_Asignatura VALUES ('A015', 'AS21');
INSERT INTO Alumno_tiene_Asignatura VALUES ('A015', 'AS22');
INSERT INTO Alumno_tiene_Asignatura VALUES ('A015', 'AS23');
INSERT INTO Alumno_tiene_Asignatura VALUES ('A015', 'AS24');
INSERT INTO Alumno_tiene_Asignatura VALUES ('A015', 'AS27');
INSERT INTO Alumno_tiene_Asignatura VALUES ('A015', 'AS25');
INSERT INTO Alumno_tiene_Asignatura VALUES ('A016', 'AS28');
INSERT INTO Alumno_tiene_Asignatura VALUES ('A016', 'AS29');
INSERT INTO Alumno_tiene_Asignatura VALUES ('A016', 'AS30');
INSERT INTO Alumno_tiene_Asignatura VALUES ('A016', 'AS31');
INSERT INTO Alumno_tiene_Asignatura VALUES ('A016', 'AS32');
INSERT INTO Alumno_tiene_Asignatura VALUES ('A016', 'AS33');
INSERT INTO Alumno_tiene_Asignatura VALUES ('A016', 'AS36');
INSERT INTO Alumno_tiene_Asignatura VALUES ('A016', 'AS35');
INSERT INTO Alumno_tiene_Asignatura VALUES ('A017', 'AS10');
INSERT INTO Alumno_tiene_Asignatura VALUES ('A017', 'AS11');
INSERT INTO Alumno_tiene_Asignatura VALUES ('A017', 'AS12');
INSERT INTO Alumno_tiene_Asignatura VALUES ('A017', 'AS13');
INSERT INTO Alumno_tiene_Asignatura VALUES ('A017', 'AS14');
INSERT INTO Alumno_tiene_Asignatura VALUES ('A017', 'AS15');
INSERT INTO Alumno_tiene_Asignatura VALUES ('A017', 'AS17');
INSERT INTO Alumno_tiene_Asignatura VALUES ('A017', 'AS18');
INSERT INTO Alumno_tiene_Asignatura VALUES ('A018', 'AS1');
INSERT INTO Alumno_tiene_Asignatura VALUES ('A018', 'AS2');
INSERT INTO Alumno_tiene_Asignatura VALUES ('A018', 'AS3');
INSERT INTO Alumno_tiene_Asignatura VALUES ('A018', 'AS4');
INSERT INTO Alumno_tiene_Asignatura VALUES ('A018', 'AS5');
INSERT INTO Alumno_tiene_Asignatura VALUES ('A018', 'AS6');
INSERT INTO Alumno_tiene_Asignatura VALUES ('A018', 'AS9');
INSERT INTO Alumno_tiene_Asignatura VALUES ('A018', 'AS7');
INSERT INTO Alumno_tiene_Asignatura VALUES ('A019', 'AS10');
INSERT INTO Alumno_tiene_Asignatura VALUES ('A019', 'AS11');
INSERT INTO Alumno_tiene_Asignatura VALUES ('A019', 'AS12');
INSERT INTO Alumno_tiene_Asignatura VALUES ('A019', 'AS13');
INSERT INTO Alumno_tiene_Asignatura VALUES ('A019', 'AS14');
INSERT INTO Alumno_tiene_Asignatura VALUES ('A019', 'AS15');
INSERT INTO Alumno_tiene_Asignatura VALUES ('A019', 'AS16');
INSERT INTO Alumno_tiene_Asignatura VALUES ('A019', 'AS17');
INSERT INTO Alumno_tiene_Asignatura VALUES ('A020', 'AS28');
INSERT INTO Alumno_tiene_Asignatura VALUES ('A020', 'AS29');
INSERT INTO Alumno_tiene_Asignatura VALUES ('A020', 'AS30');
INSERT INTO Alumno_tiene_Asignatura VALUES ('A020', 'AS31');
INSERT INTO Alumno_tiene_Asignatura VALUES ('A020', 'AS32');
INSERT INTO Alumno_tiene_Asignatura VALUES ('A020', 'AS33');
INSERT INTO Alumno_tiene_Asignatura VALUES ('A020', 'AS36');
INSERT INTO Alumno_tiene_Asignatura VALUES ('A020', 'AS35');
INSERT INTO Alumno_tiene_Asignatura VALUES ('A021', 'AS28');
INSERT INTO Alumno_tiene_Asignatura VALUES ('A021', 'AS29');
INSERT INTO Alumno_tiene_Asignatura VALUES ('A021', 'AS30');
INSERT INTO Alumno_tiene_Asignatura VALUES ('A021', 'AS31');
INSERT INTO Alumno_tiene_Asignatura VALUES ('A021', 'AS32');
INSERT INTO Alumno_tiene_Asignatura VALUES ('A021', 'AS33');
INSERT INTO Alumno_tiene_Asignatura VALUES ('A021', 'AS35');
INSERT INTO Alumno_tiene_Asignatura VALUES ('A021', 'AS34');
INSERT INTO Alumno_tiene_Asignatura VALUES ('A022', 'AS1');
INSERT INTO Alumno_tiene_Asignatura VALUES ('A022', 'AS2');
INSERT INTO Alumno_tiene_Asignatura VALUES ('A022', 'AS3');
INSERT INTO Alumno_tiene_Asignatura VALUES ('A022', 'AS4');
INSERT INTO Alumno_tiene_Asignatura VALUES ('A022', 'AS5');
INSERT INTO Alumno_tiene_Asignatura VALUES ('A022', 'AS6');
INSERT INTO Alumno_tiene_Asignatura VALUES ('A022', 'AS9');
INSERT INTO Alumno_tiene_Asignatura VALUES ('A022', 'AS8');
INSERT INTO Alumno_tiene_Asignatura VALUES ('A023', 'AS1');
INSERT INTO Alumno_tiene_Asignatura VALUES ('A023', 'AS2');
INSERT INTO Alumno_tiene_Asignatura VALUES ('A023', 'AS3');
INSERT INTO Alumno_tiene_Asignatura VALUES ('A023', 'AS4');
INSERT INTO Alumno_tiene_Asignatura VALUES ('A023', 'AS5');
INSERT INTO Alumno_tiene_Asignatura VALUES ('A023', 'AS6');
INSERT INTO Alumno_tiene_Asignatura VALUES ('A023', 'AS7');
INSERT INTO Alumno_tiene_Asignatura VALUES ('A023', 'AS8');
INSERT INTO Alumno_tiene_Asignatura VALUES ('A024', 'AS10');
INSERT INTO Alumno_tiene_Asignatura VALUES ('A024', 'AS11');
INSERT INTO Alumno_tiene_Asignatura VALUES ('A024', 'AS12');
INSERT INTO Alumno_tiene_Asignatura VALUES ('A024', 'AS13');
INSERT INTO Alumno_tiene_Asignatura VALUES ('A024', 'AS14');
INSERT INTO Alumno_tiene_Asignatura VALUES ('A024', 'AS15');
INSERT INTO Alumno_tiene_Asignatura VALUES ('A024', 'AS16');
INSERT INTO Alumno_tiene_Asignatura VALUES ('A024', 'AS18');
INSERT INTO Alumno_tiene_Asignatura VALUES ('A025', 'AS1');
INSERT INTO Alumno_tiene_Asignatura VALUES ('A025', 'AS2');
INSERT INTO Alumno_tiene_Asignatura VALUES ('A025', 'AS3');
INSERT INTO Alumno_tiene_Asignatura VALUES ('A025', 'AS4');
INSERT INTO Alumno_tiene_Asignatura VALUES ('A025', 'AS5');
INSERT INTO Alumno_tiene_Asignatura VALUES ('A025', 'AS6');
INSERT INTO Alumno_tiene_Asignatura VALUES ('A025', 'AS8');
INSERT INTO Alumno_tiene_Asignatura VALUES ('A025', 'AS7');
INSERT INTO Alumno_tiene_Asignatura VALUES ('A026', 'AS10');
INSERT INTO Alumno_tiene_Asignatura VALUES ('A026', 'AS11');
INSERT INTO Alumno_tiene_Asignatura VALUES ('A026', 'AS12');
INSERT INTO Alumno_tiene_Asignatura VALUES ('A026', 'AS13');
INSERT INTO Alumno_tiene_Asignatura VALUES ('A026', 'AS14');
INSERT INTO Alumno_tiene_Asignatura VALUES ('A026', 'AS15');
INSERT INTO Alumno_tiene_Asignatura VALUES ('A026', 'AS16');
INSERT INTO Alumno_tiene_Asignatura VALUES ('A026', 'AS17');
INSERT INTO Alumno_tiene_Asignatura VALUES ('A027', 'AS19');
INSERT INTO Alumno_tiene_Asignatura VALUES ('A027', 'AS20');
INSERT INTO Alumno_tiene_Asignatura VALUES ('A027', 'AS21');
INSERT INTO Alumno_tiene_Asignatura VALUES ('A027', 'AS22');
INSERT INTO Alumno_tiene_Asignatura VALUES ('A027', 'AS23');
INSERT INTO Alumno_tiene_Asignatura VALUES ('A027', 'AS24');
INSERT INTO Alumno_tiene_Asignatura VALUES ('A027', 'AS26');
INSERT INTO Alumno_tiene_Asignatura VALUES ('A027', 'AS25');
INSERT INTO Alumno_tiene_Asignatura VALUES ('A028', 'AS28');
INSERT INTO Alumno_tiene_Asignatura VALUES ('A028', 'AS29');
INSERT INTO Alumno_tiene_Asignatura VALUES ('A028', 'AS30');
INSERT INTO Alumno_tiene_Asignatura VALUES ('A028', 'AS31');
INSERT INTO Alumno_tiene_Asignatura VALUES ('A028', 'AS32');
INSERT INTO Alumno_tiene_Asignatura VALUES ('A028', 'AS33');
INSERT INTO Alumno_tiene_Asignatura VALUES ('A028', 'AS34');
INSERT INTO Alumno_tiene_Asignatura VALUES ('A028', 'AS35');
INSERT INTO Alumno_tiene_Asignatura VALUES ('A029', 'AS10');
INSERT INTO Alumno_tiene_Asignatura VALUES ('A029', 'AS11');
INSERT INTO Alumno_tiene_Asignatura VALUES ('A029', 'AS12');
INSERT INTO Alumno_tiene_Asignatura VALUES ('A029', 'AS13');
INSERT INTO Alumno_tiene_Asignatura VALUES ('A029', 'AS14');
INSERT INTO Alumno_tiene_Asignatura VALUES ('A029', 'AS15');
INSERT INTO Alumno_tiene_Asignatura VALUES ('A029', 'AS16');
INSERT INTO Alumno_tiene_Asignatura VALUES ('A029', 'AS17');
INSERT INTO Alumno_tiene_Asignatura VALUES ('A030', 'AS28');
INSERT INTO Alumno_tiene_Asignatura VALUES ('A030', 'AS29');
INSERT INTO Alumno_tiene_Asignatura VALUES ('A030', 'AS30');
INSERT INTO Alumno_tiene_Asignatura VALUES ('A030', 'AS31');
INSERT INTO Alumno_tiene_Asignatura VALUES ('A030', 'AS32');
INSERT INTO Alumno_tiene_Asignatura VALUES ('A030', 'AS33');
INSERT INTO Alumno_tiene_Asignatura VALUES ('A030', 'AS34');
INSERT INTO Alumno_tiene_Asignatura VALUES ('A030', 'AS36');
INSERT INTO Alumno_tiene_Asignatura VALUES ('A031', 'AS19');
INSERT INTO Alumno_tiene_Asignatura VALUES ('A031', 'AS20');
INSERT INTO Alumno_tiene_Asignatura VALUES ('A031', 'AS21');
INSERT INTO Alumno_tiene_Asignatura VALUES ('A031', 'AS22');
INSERT INTO Alumno_tiene_Asignatura VALUES ('A031', 'AS23');
INSERT INTO Alumno_tiene_Asignatura VALUES ('A031', 'AS24');
INSERT INTO Alumno_tiene_Asignatura VALUES ('A031', 'AS25');
INSERT INTO Alumno_tiene_Asignatura VALUES ('A031', 'AS26');
INSERT INTO Alumno_tiene_Asignatura VALUES ('A032', 'AS28');
INSERT INTO Alumno_tiene_Asignatura VALUES ('A032', 'AS29');
INSERT INTO Alumno_tiene_Asignatura VALUES ('A032', 'AS30');
INSERT INTO Alumno_tiene_Asignatura VALUES ('A032', 'AS31');
INSERT INTO Alumno_tiene_Asignatura VALUES ('A032', 'AS32');
INSERT INTO Alumno_tiene_Asignatura VALUES ('A032', 'AS33');
INSERT INTO Alumno_tiene_Asignatura VALUES ('A032', 'AS35');
INSERT INTO Alumno_tiene_Asignatura VALUES ('A032', 'AS36');
INSERT INTO Alumno_tiene_Asignatura VALUES ('A033', 'AS1');
INSERT INTO Alumno_tiene_Asignatura VALUES ('A033', 'AS2');
INSERT INTO Alumno_tiene_Asignatura VALUES ('A033', 'AS3');
INSERT INTO Alumno_tiene_Asignatura VALUES ('A033', 'AS4');
INSERT INTO Alumno_tiene_Asignatura VALUES ('A033', 'AS5');
INSERT INTO Alumno_tiene_Asignatura VALUES ('A033', 'AS6');
INSERT INTO Alumno_tiene_Asignatura VALUES ('A033', 'AS9');
INSERT INTO Alumno_tiene_Asignatura VALUES ('A033', 'AS8');
INSERT INTO Alumno_tiene_Asignatura VALUES ('A034', 'AS28');
INSERT INTO Alumno_tiene_Asignatura VALUES ('A034', 'AS29');
INSERT INTO Alumno_tiene_Asignatura VALUES ('A034', 'AS30');
INSERT INTO Alumno_tiene_Asignatura VALUES ('A034', 'AS31');
INSERT INTO Alumno_tiene_Asignatura VALUES ('A034', 'AS32');
INSERT INTO Alumno_tiene_Asignatura VALUES ('A034', 'AS33');
INSERT INTO Alumno_tiene_Asignatura VALUES ('A034', 'AS35');
INSERT INTO Alumno_tiene_Asignatura VALUES ('A034', 'AS34');
INSERT INTO Alumno_tiene_Asignatura VALUES ('A035', 'AS1');
INSERT INTO Alumno_tiene_Asignatura VALUES ('A035', 'AS2');
INSERT INTO Alumno_tiene_Asignatura VALUES ('A035', 'AS3');
INSERT INTO Alumno_tiene_Asignatura VALUES ('A035', 'AS4');
INSERT INTO Alumno_tiene_Asignatura VALUES ('A035', 'AS5');
INSERT INTO Alumno_tiene_Asignatura VALUES ('A035', 'AS6');
INSERT INTO Alumno_tiene_Asignatura VALUES ('A035', 'AS9');
INSERT INTO Alumno_tiene_Asignatura VALUES ('A035', 'AS7');
INSERT INTO Alumno_tiene_Asignatura VALUES ('A036', 'AS10');
INSERT INTO Alumno_tiene_Asignatura VALUES ('A036', 'AS11');
INSERT INTO Alumno_tiene_Asignatura VALUES ('A036', 'AS12');
INSERT INTO Alumno_tiene_Asignatura VALUES ('A036', 'AS13');
INSERT INTO Alumno_tiene_Asignatura VALUES ('A036', 'AS14');
INSERT INTO Alumno_tiene_Asignatura VALUES ('A036', 'AS15');
INSERT INTO Alumno_tiene_Asignatura VALUES ('A036', 'AS17');
INSERT INTO Alumno_tiene_Asignatura VALUES ('A036', 'AS16');
INSERT INTO Alumno_tiene_Asignatura VALUES ('A037', 'AS1');
INSERT INTO Alumno_tiene_Asignatura VALUES ('A037', 'AS2');
INSERT INTO Alumno_tiene_Asignatura VALUES ('A037', 'AS3');
INSERT INTO Alumno_tiene_Asignatura VALUES ('A037', 'AS4');
INSERT INTO Alumno_tiene_Asignatura VALUES ('A037', 'AS5');
INSERT INTO Alumno_tiene_Asignatura VALUES ('A037', 'AS6');
INSERT INTO Alumno_tiene_Asignatura VALUES ('A037', 'AS7');
INSERT INTO Alumno_tiene_Asignatura VALUES ('A037', 'AS8');
INSERT INTO Alumno_tiene_Asignatura VALUES ('A038', 'AS19');
INSERT INTO Alumno_tiene_Asignatura VALUES ('A038', 'AS20');
INSERT INTO Alumno_tiene_Asignatura VALUES ('A038', 'AS21');
INSERT INTO Alumno_tiene_Asignatura VALUES ('A038', 'AS22');
INSERT INTO Alumno_tiene_Asignatura VALUES ('A038', 'AS23');
INSERT INTO Alumno_tiene_Asignatura VALUES ('A038', 'AS24');
INSERT INTO Alumno_tiene_Asignatura VALUES ('A038', 'AS25');
INSERT INTO Alumno_tiene_Asignatura VALUES ('A038', 'AS26');
INSERT INTO Alumno_tiene_Asignatura VALUES ('A039', 'AS10');
INSERT INTO Alumno_tiene_Asignatura VALUES ('A039', 'AS11');
INSERT INTO Alumno_tiene_Asignatura VALUES ('A039', 'AS12');
INSERT INTO Alumno_tiene_Asignatura VALUES ('A039', 'AS13');
INSERT INTO Alumno_tiene_Asignatura VALUES ('A039', 'AS14');
INSERT INTO Alumno_tiene_Asignatura VALUES ('A039', 'AS15');
INSERT INTO Alumno_tiene_Asignatura VALUES ('A039', 'AS16');
INSERT INTO Alumno_tiene_Asignatura VALUES ('A039', 'AS17');
INSERT INTO Alumno_tiene_Asignatura VALUES ('A040', 'AS28');
INSERT INTO Alumno_tiene_Asignatura VALUES ('A040', 'AS29');
INSERT INTO Alumno_tiene_Asignatura VALUES ('A040', 'AS30');
INSERT INTO Alumno_tiene_Asignatura VALUES ('A040', 'AS31');
INSERT INTO Alumno_tiene_Asignatura VALUES ('A040', 'AS32');
INSERT INTO Alumno_tiene_Asignatura VALUES ('A040', 'AS33');
INSERT INTO Alumno_tiene_Asignatura VALUES ('A040', 'AS36');
INSERT INTO Alumno_tiene_Asignatura VALUES ('A040', 'AS35');
INSERT INTO Alumno_tiene_Asignatura VALUES ('A041', 'AS10');
INSERT INTO Alumno_tiene_Asignatura VALUES ('A041', 'AS11');
INSERT INTO Alumno_tiene_Asignatura VALUES ('A041', 'AS12');
INSERT INTO Alumno_tiene_Asignatura VALUES ('A041', 'AS13');
INSERT INTO Alumno_tiene_Asignatura VALUES ('A041', 'AS14');
INSERT INTO Alumno_tiene_Asignatura VALUES ('A041', 'AS15');
INSERT INTO Alumno_tiene_Asignatura VALUES ('A041', 'AS18');
INSERT INTO Alumno_tiene_Asignatura VALUES ('A041', 'AS17');
INSERT INTO Alumno_tiene_Asignatura VALUES ('A042', 'AS19');
INSERT INTO Alumno_tiene_Asignatura VALUES ('A042', 'AS20');
INSERT INTO Alumno_tiene_Asignatura VALUES ('A042', 'AS21');
INSERT INTO Alumno_tiene_Asignatura VALUES ('A042', 'AS22');
INSERT INTO Alumno_tiene_Asignatura VALUES ('A042', 'AS23');
INSERT INTO Alumno_tiene_Asignatura VALUES ('A042', 'AS24');
INSERT INTO Alumno_tiene_Asignatura VALUES ('A042', 'AS25');
INSERT INTO Alumno_tiene_Asignatura VALUES ('A042', 'AS27');
INSERT INTO Alumno_tiene_Asignatura VALUES ('A043', 'AS19');
INSERT INTO Alumno_tiene_Asignatura VALUES ('A043', 'AS20');
INSERT INTO Alumno_tiene_Asignatura VALUES ('A043', 'AS21');
INSERT INTO Alumno_tiene_Asignatura VALUES ('A043', 'AS22');
INSERT INTO Alumno_tiene_Asignatura VALUES ('A043', 'AS23');
INSERT INTO Alumno_tiene_Asignatura VALUES ('A043', 'AS24');
INSERT INTO Alumno_tiene_Asignatura VALUES ('A043', 'AS26');
INSERT INTO Alumno_tiene_Asignatura VALUES ('A043', 'AS27');
INSERT INTO Alumno_tiene_Asignatura VALUES ('A044', 'AS10');
INSERT INTO Alumno_tiene_Asignatura VALUES ('A044', 'AS11');
INSERT INTO Alumno_tiene_Asignatura VALUES ('A044', 'AS12');
INSERT INTO Alumno_tiene_Asignatura VALUES ('A044', 'AS13');
INSERT INTO Alumno_tiene_Asignatura VALUES ('A044', 'AS14');
INSERT INTO Alumno_tiene_Asignatura VALUES ('A044', 'AS15');
INSERT INTO Alumno_tiene_Asignatura VALUES ('A044', 'AS18');
INSERT INTO Alumno_tiene_Asignatura VALUES ('A044', 'AS17');
INSERT INTO Alumno_tiene_Asignatura VALUES ('A045', 'AS1');
INSERT INTO Alumno_tiene_Asignatura VALUES ('A045', 'AS2');
INSERT INTO Alumno_tiene_Asignatura VALUES ('A045', 'AS3');
INSERT INTO Alumno_tiene_Asignatura VALUES ('A045', 'AS4');
INSERT INTO Alumno_tiene_Asignatura VALUES ('A045', 'AS5');
INSERT INTO Alumno_tiene_Asignatura VALUES ('A045', 'AS6');
INSERT INTO Alumno_tiene_Asignatura VALUES ('A045', 'AS9');
INSERT INTO Alumno_tiene_Asignatura VALUES ('A045', 'AS8');
INSERT INTO Alumno_tiene_Asignatura VALUES ('A046', 'AS28');
INSERT INTO Alumno_tiene_Asignatura VALUES ('A046', 'AS29');
INSERT INTO Alumno_tiene_Asignatura VALUES ('A046', 'AS30');
INSERT INTO Alumno_tiene_Asignatura VALUES ('A046', 'AS31');
INSERT INTO Alumno_tiene_Asignatura VALUES ('A046', 'AS32');
INSERT INTO Alumno_tiene_Asignatura VALUES ('A046', 'AS33');
INSERT INTO Alumno_tiene_Asignatura VALUES ('A046', 'AS36');
INSERT INTO Alumno_tiene_Asignatura VALUES ('A046', 'AS34');
INSERT INTO Alumno_tiene_Asignatura VALUES ('A047', 'AS1');
INSERT INTO Alumno_tiene_Asignatura VALUES ('A047', 'AS2');
INSERT INTO Alumno_tiene_Asignatura VALUES ('A047', 'AS3');
INSERT INTO Alumno_tiene_Asignatura VALUES ('A047', 'AS4');
INSERT INTO Alumno_tiene_Asignatura VALUES ('A047', 'AS5');
INSERT INTO Alumno_tiene_Asignatura VALUES ('A047', 'AS6');
INSERT INTO Alumno_tiene_Asignatura VALUES ('A047', 'AS8');
INSERT INTO Alumno_tiene_Asignatura VALUES ('A047', 'AS9');
INSERT INTO Alumno_tiene_Asignatura VALUES ('A048', 'AS19');
INSERT INTO Alumno_tiene_Asignatura VALUES ('A048', 'AS20');
INSERT INTO Alumno_tiene_Asignatura VALUES ('A048', 'AS21');
INSERT INTO Alumno_tiene_Asignatura VALUES ('A048', 'AS22');
INSERT INTO Alumno_tiene_Asignatura VALUES ('A048', 'AS23');
INSERT INTO Alumno_tiene_Asignatura VALUES ('A048', 'AS24');
INSERT INTO Alumno_tiene_Asignatura VALUES ('A048', 'AS25');
INSERT INTO Alumno_tiene_Asignatura VALUES ('A048', 'AS26');
INSERT INTO Alumno_tiene_Asignatura VALUES ('A049', 'AS1');
INSERT INTO Alumno_tiene_Asignatura VALUES ('A049', 'AS2');
INSERT INTO Alumno_tiene_Asignatura VALUES ('A049', 'AS3');
INSERT INTO Alumno_tiene_Asignatura VALUES ('A049', 'AS4');
INSERT INTO Alumno_tiene_Asignatura VALUES ('A049', 'AS5');
INSERT INTO Alumno_tiene_Asignatura VALUES ('A049', 'AS6');
INSERT INTO Alumno_tiene_Asignatura VALUES ('A049', 'AS8');
INSERT INTO Alumno_tiene_Asignatura VALUES ('A049', 'AS9');
INSERT INTO Alumno_tiene_Asignatura VALUES ('A050', 'AS19');
INSERT INTO Alumno_tiene_Asignatura VALUES ('A050', 'AS20');
INSERT INTO Alumno_tiene_Asignatura VALUES ('A050', 'AS21');
INSERT INTO Alumno_tiene_Asignatura VALUES ('A050', 'AS22');
INSERT INTO Alumno_tiene_Asignatura VALUES ('A050', 'AS23');
INSERT INTO Alumno_tiene_Asignatura VALUES ('A050', 'AS24');
INSERT INTO Alumno_tiene_Asignatura VALUES ('A050', 'AS26');
INSERT INTO Alumno_tiene_Asignatura VALUES ('A050', 'AS27');
INSERT INTO Alumno_tiene_Asignatura VALUES ('A051', 'AS28');
INSERT INTO Alumno_tiene_Asignatura VALUES ('A051', 'AS29');
INSERT INTO Alumno_tiene_Asignatura VALUES ('A051', 'AS30');
INSERT INTO Alumno_tiene_Asignatura VALUES ('A051', 'AS31');
INSERT INTO Alumno_tiene_Asignatura VALUES ('A051', 'AS32');
INSERT INTO Alumno_tiene_Asignatura VALUES ('A051', 'AS33');
INSERT INTO Alumno_tiene_Asignatura VALUES ('A051', 'AS36');
INSERT INTO Alumno_tiene_Asignatura VALUES ('A051', 'AS35');
INSERT INTO Alumno_tiene_Asignatura VALUES ('A052', 'AS28');
INSERT INTO Alumno_tiene_Asignatura VALUES ('A052', 'AS29');
INSERT INTO Alumno_tiene_Asignatura VALUES ('A052', 'AS30');
INSERT INTO Alumno_tiene_Asignatura VALUES ('A052', 'AS31');
INSERT INTO Alumno_tiene_Asignatura VALUES ('A052', 'AS32');
INSERT INTO Alumno_tiene_Asignatura VALUES ('A052', 'AS33');
INSERT INTO Alumno_tiene_Asignatura VALUES ('A052', 'AS34');
INSERT INTO Alumno_tiene_Asignatura VALUES ('A052', 'AS36');
INSERT INTO Alumno_tiene_Asignatura VALUES ('A053', 'AS10');
INSERT INTO Alumno_tiene_Asignatura VALUES ('A053', 'AS11');
INSERT INTO Alumno_tiene_Asignatura VALUES ('A053', 'AS12');
INSERT INTO Alumno_tiene_Asignatura VALUES ('A053', 'AS13');
INSERT INTO Alumno_tiene_Asignatura VALUES ('A053', 'AS14');
INSERT INTO Alumno_tiene_Asignatura VALUES ('A053', 'AS15');
INSERT INTO Alumno_tiene_Asignatura VALUES ('A053', 'AS18');
INSERT INTO Alumno_tiene_Asignatura VALUES ('A053', 'AS17');
INSERT INTO Alumno_tiene_Asignatura VALUES ('A054', 'AS19');
INSERT INTO Alumno_tiene_Asignatura VALUES ('A054', 'AS20');
INSERT INTO Alumno_tiene_Asignatura VALUES ('A054', 'AS21');
INSERT INTO Alumno_tiene_Asignatura VALUES ('A054', 'AS22');
INSERT INTO Alumno_tiene_Asignatura VALUES ('A054', 'AS23');
INSERT INTO Alumno_tiene_Asignatura VALUES ('A054', 'AS24');
INSERT INTO Alumno_tiene_Asignatura VALUES ('A054', 'AS27');
INSERT INTO Alumno_tiene_Asignatura VALUES ('A054', 'AS26');
INSERT INTO Alumno_tiene_Asignatura VALUES ('A055', 'AS28');
INSERT INTO Alumno_tiene_Asignatura VALUES ('A055', 'AS29');
INSERT INTO Alumno_tiene_Asignatura VALUES ('A055', 'AS30');
INSERT INTO Alumno_tiene_Asignatura VALUES ('A055', 'AS31');
INSERT INTO Alumno_tiene_Asignatura VALUES ('A055', 'AS32');
INSERT INTO Alumno_tiene_Asignatura VALUES ('A055', 'AS33');
INSERT INTO Alumno_tiene_Asignatura VALUES ('A055', 'AS34');
INSERT INTO Alumno_tiene_Asignatura VALUES ('A055', 'AS35');
INSERT INTO Alumno_tiene_Asignatura VALUES ('A056', 'AS28');
INSERT INTO Alumno_tiene_Asignatura VALUES ('A056', 'AS29');
INSERT INTO Alumno_tiene_Asignatura VALUES ('A056', 'AS30');
INSERT INTO Alumno_tiene_Asignatura VALUES ('A056', 'AS31');
INSERT INTO Alumno_tiene_Asignatura VALUES ('A056', 'AS32');
INSERT INTO Alumno_tiene_Asignatura VALUES ('A056', 'AS33');
INSERT INTO Alumno_tiene_Asignatura VALUES ('A056', 'AS36');
INSERT INTO Alumno_tiene_Asignatura VALUES ('A056', 'AS34');
INSERT INTO Alumno_tiene_Asignatura VALUES ('A057', 'AS10');
INSERT INTO Alumno_tiene_Asignatura VALUES ('A057', 'AS11');
INSERT INTO Alumno_tiene_Asignatura VALUES ('A057', 'AS12');
INSERT INTO Alumno_tiene_Asignatura VALUES ('A057', 'AS13');
INSERT INTO Alumno_tiene_Asignatura VALUES ('A057', 'AS14');
INSERT INTO Alumno_tiene_Asignatura VALUES ('A057', 'AS15');
INSERT INTO Alumno_tiene_Asignatura VALUES ('A057', 'AS16');
INSERT INTO Alumno_tiene_Asignatura VALUES ('A057', 'AS18');
INSERT INTO Alumno_tiene_Asignatura VALUES ('A058', 'AS1');
INSERT INTO Alumno_tiene_Asignatura VALUES ('A058', 'AS2');
INSERT INTO Alumno_tiene_Asignatura VALUES ('A058', 'AS3');
INSERT INTO Alumno_tiene_Asignatura VALUES ('A058', 'AS4');
INSERT INTO Alumno_tiene_Asignatura VALUES ('A058', 'AS5');
INSERT INTO Alumno_tiene_Asignatura VALUES ('A058', 'AS6');
INSERT INTO Alumno_tiene_Asignatura VALUES ('A058', 'AS8');
INSERT INTO Alumno_tiene_Asignatura VALUES ('A058', 'AS7');
INSERT INTO Alumno_tiene_Asignatura VALUES ('A059', 'AS1');
INSERT INTO Alumno_tiene_Asignatura VALUES ('A059', 'AS2');
INSERT INTO Alumno_tiene_Asignatura VALUES ('A059', 'AS3');
INSERT INTO Alumno_tiene_Asignatura VALUES ('A059', 'AS4');
INSERT INTO Alumno_tiene_Asignatura VALUES ('A059', 'AS5');
INSERT INTO Alumno_tiene_Asignatura VALUES ('A059', 'AS6');
INSERT INTO Alumno_tiene_Asignatura VALUES ('A059', 'AS7');
INSERT INTO Alumno_tiene_Asignatura VALUES ('A059', 'AS9');
INSERT INTO Alumno_tiene_Asignatura VALUES ('A060', 'AS1');
INSERT INTO Alumno_tiene_Asignatura VALUES ('A060', 'AS2');
INSERT INTO Alumno_tiene_Asignatura VALUES ('A060', 'AS3');
INSERT INTO Alumno_tiene_Asignatura VALUES ('A060', 'AS4');
INSERT INTO Alumno_tiene_Asignatura VALUES ('A060', 'AS5');
INSERT INTO Alumno_tiene_Asignatura VALUES ('A060', 'AS6');
INSERT INTO Alumno_tiene_Asignatura VALUES ('A060', 'AS7');
INSERT INTO Alumno_tiene_Asignatura VALUES ('A060', 'AS9');
INSERT INTO Alumno_tiene_Asignatura VALUES ('A061', 'AS10');
INSERT INTO Alumno_tiene_Asignatura VALUES ('A061', 'AS11');
INSERT INTO Alumno_tiene_Asignatura VALUES ('A061', 'AS12');
INSERT INTO Alumno_tiene_Asignatura VALUES ('A061', 'AS13');
INSERT INTO Alumno_tiene_Asignatura VALUES ('A061', 'AS14');
INSERT INTO Alumno_tiene_Asignatura VALUES ('A061', 'AS15');
INSERT INTO Alumno_tiene_Asignatura VALUES ('A061', 'AS17');
INSERT INTO Alumno_tiene_Asignatura VALUES ('A061', 'AS16');
INSERT INTO Alumno_tiene_Asignatura VALUES ('A062', 'AS1');
INSERT INTO Alumno_tiene_Asignatura VALUES ('A062', 'AS2');
INSERT INTO Alumno_tiene_Asignatura VALUES ('A062', 'AS3');
INSERT INTO Alumno_tiene_Asignatura VALUES ('A062', 'AS4');
INSERT INTO Alumno_tiene_Asignatura VALUES ('A062', 'AS5');
INSERT INTO Alumno_tiene_Asignatura VALUES ('A062', 'AS6');
INSERT INTO Alumno_tiene_Asignatura VALUES ('A062', 'AS7');
INSERT INTO Alumno_tiene_Asignatura VALUES ('A062', 'AS8');
INSERT INTO Alumno_tiene_Asignatura VALUES ('A063', 'AS28');
INSERT INTO Alumno_tiene_Asignatura VALUES ('A063', 'AS29');
INSERT INTO Alumno_tiene_Asignatura VALUES ('A063', 'AS30');
INSERT INTO Alumno_tiene_Asignatura VALUES ('A063', 'AS31');
INSERT INTO Alumno_tiene_Asignatura VALUES ('A063', 'AS32');
INSERT INTO Alumno_tiene_Asignatura VALUES ('A063', 'AS33');
INSERT INTO Alumno_tiene_Asignatura VALUES ('A063', 'AS36');
INSERT INTO Alumno_tiene_Asignatura VALUES ('A063', 'AS35');
INSERT INTO Alumno_tiene_Asignatura VALUES ('A064', 'AS19');
INSERT INTO Alumno_tiene_Asignatura VALUES ('A064', 'AS20');
INSERT INTO Alumno_tiene_Asignatura VALUES ('A064', 'AS21');
INSERT INTO Alumno_tiene_Asignatura VALUES ('A064', 'AS22');
INSERT INTO Alumno_tiene_Asignatura VALUES ('A064', 'AS23');
INSERT INTO Alumno_tiene_Asignatura VALUES ('A064', 'AS24');
INSERT INTO Alumno_tiene_Asignatura VALUES ('A064', 'AS26');
INSERT INTO Alumno_tiene_Asignatura VALUES ('A064', 'AS27');
INSERT INTO Alumno_tiene_Asignatura VALUES ('A065', 'AS19');
INSERT INTO Alumno_tiene_Asignatura VALUES ('A065', 'AS20');
INSERT INTO Alumno_tiene_Asignatura VALUES ('A065', 'AS21');
INSERT INTO Alumno_tiene_Asignatura VALUES ('A065', 'AS22');
INSERT INTO Alumno_tiene_Asignatura VALUES ('A065', 'AS23');
INSERT INTO Alumno_tiene_Asignatura VALUES ('A065', 'AS24');
INSERT INTO Alumno_tiene_Asignatura VALUES ('A065', 'AS25');
INSERT INTO Alumno_tiene_Asignatura VALUES ('A065', 'AS26');
INSERT INTO Alumno_tiene_Asignatura VALUES ('A066', 'AS19');
INSERT INTO Alumno_tiene_Asignatura VALUES ('A066', 'AS20');
INSERT INTO Alumno_tiene_Asignatura VALUES ('A066', 'AS21');
INSERT INTO Alumno_tiene_Asignatura VALUES ('A066', 'AS22');
INSERT INTO Alumno_tiene_Asignatura VALUES ('A066', 'AS23');
INSERT INTO Alumno_tiene_Asignatura VALUES ('A066', 'AS24');
INSERT INTO Alumno_tiene_Asignatura VALUES ('A066', 'AS26');
INSERT INTO Alumno_tiene_Asignatura VALUES ('A066', 'AS25');
INSERT INTO Alumno_tiene_Asignatura VALUES ('A067', 'AS28');
INSERT INTO Alumno_tiene_Asignatura VALUES ('A067', 'AS29');
INSERT INTO Alumno_tiene_Asignatura VALUES ('A067', 'AS30');
INSERT INTO Alumno_tiene_Asignatura VALUES ('A067', 'AS31');
INSERT INTO Alumno_tiene_Asignatura VALUES ('A067', 'AS32');
INSERT INTO Alumno_tiene_Asignatura VALUES ('A067', 'AS33');
INSERT INTO Alumno_tiene_Asignatura VALUES ('A067', 'AS36');
INSERT INTO Alumno_tiene_Asignatura VALUES ('A067', 'AS35');
INSERT INTO Alumno_tiene_Asignatura VALUES ('A068', 'AS10');
INSERT INTO Alumno_tiene_Asignatura VALUES ('A068', 'AS11');
INSERT INTO Alumno_tiene_Asignatura VALUES ('A068', 'AS12');
INSERT INTO Alumno_tiene_Asignatura VALUES ('A068', 'AS13');
INSERT INTO Alumno_tiene_Asignatura VALUES ('A068', 'AS14');
INSERT INTO Alumno_tiene_Asignatura VALUES ('A068', 'AS15');
INSERT INTO Alumno_tiene_Asignatura VALUES ('A068', 'AS18');
INSERT INTO Alumno_tiene_Asignatura VALUES ('A068', 'AS17');
INSERT INTO Alumno_tiene_Asignatura VALUES ('A069', 'AS28');
INSERT INTO Alumno_tiene_Asignatura VALUES ('A069', 'AS29');
INSERT INTO Alumno_tiene_Asignatura VALUES ('A069', 'AS30');
INSERT INTO Alumno_tiene_Asignatura VALUES ('A069', 'AS31');
INSERT INTO Alumno_tiene_Asignatura VALUES ('A069', 'AS32');
INSERT INTO Alumno_tiene_Asignatura VALUES ('A069', 'AS33');
INSERT INTO Alumno_tiene_Asignatura VALUES ('A069', 'AS35');
INSERT INTO Alumno_tiene_Asignatura VALUES ('A069', 'AS36');
INSERT INTO Alumno_tiene_Asignatura VALUES ('A070', 'AS1');
INSERT INTO Alumno_tiene_Asignatura VALUES ('A070', 'AS2');
INSERT INTO Alumno_tiene_Asignatura VALUES ('A070', 'AS3');
INSERT INTO Alumno_tiene_Asignatura VALUES ('A070', 'AS4');
INSERT INTO Alumno_tiene_Asignatura VALUES ('A070', 'AS5');
INSERT INTO Alumno_tiene_Asignatura VALUES ('A070', 'AS6');
INSERT INTO Alumno_tiene_Asignatura VALUES ('A070', 'AS9');
INSERT INTO Alumno_tiene_Asignatura VALUES ('A070', 'AS8');
INSERT INTO Alumno_tiene_Asignatura VALUES ('A071', 'AS28');
INSERT INTO Alumno_tiene_Asignatura VALUES ('A071', 'AS29');
INSERT INTO Alumno_tiene_Asignatura VALUES ('A071', 'AS30');
INSERT INTO Alumno_tiene_Asignatura VALUES ('A071', 'AS31');
INSERT INTO Alumno_tiene_Asignatura VALUES ('A071', 'AS32');
INSERT INTO Alumno_tiene_Asignatura VALUES ('A071', 'AS33');
INSERT INTO Alumno_tiene_Asignatura VALUES ('A071', 'AS34');
INSERT INTO Alumno_tiene_Asignatura VALUES ('A071', 'AS36');
INSERT INTO Alumno_tiene_Asignatura VALUES ('A072', 'AS28');
INSERT INTO Alumno_tiene_Asignatura VALUES ('A072', 'AS29');
INSERT INTO Alumno_tiene_Asignatura VALUES ('A072', 'AS30');
INSERT INTO Alumno_tiene_Asignatura VALUES ('A072', 'AS31');
INSERT INTO Alumno_tiene_Asignatura VALUES ('A072', 'AS32');
INSERT INTO Alumno_tiene_Asignatura VALUES ('A072', 'AS33');
INSERT INTO Alumno_tiene_Asignatura VALUES ('A072', 'AS35');
INSERT INTO Alumno_tiene_Asignatura VALUES ('A072', 'AS34');
INSERT INTO Alumno_tiene_Asignatura VALUES ('A073', 'AS1');
INSERT INTO Alumno_tiene_Asignatura VALUES ('A073', 'AS2');
INSERT INTO Alumno_tiene_Asignatura VALUES ('A073', 'AS3');
INSERT INTO Alumno_tiene_Asignatura VALUES ('A073', 'AS4');
INSERT INTO Alumno_tiene_Asignatura VALUES ('A073', 'AS5');
INSERT INTO Alumno_tiene_Asignatura VALUES ('A073', 'AS6');
INSERT INTO Alumno_tiene_Asignatura VALUES ('A073', 'AS8');
INSERT INTO Alumno_tiene_Asignatura VALUES ('A073', 'AS9');
INSERT INTO Alumno_tiene_Asignatura VALUES ('A074', 'AS19');
INSERT INTO Alumno_tiene_Asignatura VALUES ('A074', 'AS20');
INSERT INTO Alumno_tiene_Asignatura VALUES ('A074', 'AS21');
INSERT INTO Alumno_tiene_Asignatura VALUES ('A074', 'AS22');
INSERT INTO Alumno_tiene_Asignatura VALUES ('A074', 'AS23');
INSERT INTO Alumno_tiene_Asignatura VALUES ('A074', 'AS24');
INSERT INTO Alumno_tiene_Asignatura VALUES ('A074', 'AS27');
INSERT INTO Alumno_tiene_Asignatura VALUES ('A074', 'AS25');
INSERT INTO Alumno_tiene_Asignatura VALUES ('A075', 'AS19');
INSERT INTO Alumno_tiene_Asignatura VALUES ('A075', 'AS20');
INSERT INTO Alumno_tiene_Asignatura VALUES ('A075', 'AS21');
INSERT INTO Alumno_tiene_Asignatura VALUES ('A075', 'AS22');
INSERT INTO Alumno_tiene_Asignatura VALUES ('A075', 'AS23');
INSERT INTO Alumno_tiene_Asignatura VALUES ('A075', 'AS24');
INSERT INTO Alumno_tiene_Asignatura VALUES ('A075', 'AS27');
INSERT INTO Alumno_tiene_Asignatura VALUES ('A075', 'AS26');
INSERT INTO Alumno_tiene_Asignatura VALUES ('A076', 'AS28');
INSERT INTO Alumno_tiene_Asignatura VALUES ('A076', 'AS29');
INSERT INTO Alumno_tiene_Asignatura VALUES ('A076', 'AS30');
INSERT INTO Alumno_tiene_Asignatura VALUES ('A076', 'AS31');
INSERT INTO Alumno_tiene_Asignatura VALUES ('A076', 'AS32');
INSERT INTO Alumno_tiene_Asignatura VALUES ('A076', 'AS33');
INSERT INTO Alumno_tiene_Asignatura VALUES ('A076', 'AS35');
INSERT INTO Alumno_tiene_Asignatura VALUES ('A076', 'AS34');
INSERT INTO Alumno_tiene_Asignatura VALUES ('A077', 'AS19');
INSERT INTO Alumno_tiene_Asignatura VALUES ('A077', 'AS20');
INSERT INTO Alumno_tiene_Asignatura VALUES ('A077', 'AS21');
INSERT INTO Alumno_tiene_Asignatura VALUES ('A077', 'AS22');
INSERT INTO Alumno_tiene_Asignatura VALUES ('A077', 'AS23');
INSERT INTO Alumno_tiene_Asignatura VALUES ('A077', 'AS24');
INSERT INTO Alumno_tiene_Asignatura VALUES ('A077', 'AS27');
INSERT INTO Alumno_tiene_Asignatura VALUES ('A077', 'AS26');
INSERT INTO Alumno_tiene_Asignatura VALUES ('A078', 'AS10');
INSERT INTO Alumno_tiene_Asignatura VALUES ('A078', 'AS11');
INSERT INTO Alumno_tiene_Asignatura VALUES ('A078', 'AS12');
INSERT INTO Alumno_tiene_Asignatura VALUES ('A078', 'AS13');
INSERT INTO Alumno_tiene_Asignatura VALUES ('A078', 'AS14');
INSERT INTO Alumno_tiene_Asignatura VALUES ('A078', 'AS15');
INSERT INTO Alumno_tiene_Asignatura VALUES ('A078', 'AS16');
INSERT INTO Alumno_tiene_Asignatura VALUES ('A078', 'AS17');
INSERT INTO Alumno_tiene_Asignatura VALUES ('A079', 'AS19');
INSERT INTO Alumno_tiene_Asignatura VALUES ('A079', 'AS20');
INSERT INTO Alumno_tiene_Asignatura VALUES ('A079', 'AS21');
INSERT INTO Alumno_tiene_Asignatura VALUES ('A079', 'AS22');
INSERT INTO Alumno_tiene_Asignatura VALUES ('A079', 'AS23');
INSERT INTO Alumno_tiene_Asignatura VALUES ('A079', 'AS24');
INSERT INTO Alumno_tiene_Asignatura VALUES ('A079', 'AS25');
INSERT INTO Alumno_tiene_Asignatura VALUES ('A079', 'AS27');
INSERT INTO Alumno_tiene_Asignatura VALUES ('A080', 'AS10');
INSERT INTO Alumno_tiene_Asignatura VALUES ('A080', 'AS11');
INSERT INTO Alumno_tiene_Asignatura VALUES ('A080', 'AS12');
INSERT INTO Alumno_tiene_Asignatura VALUES ('A080', 'AS13');
INSERT INTO Alumno_tiene_Asignatura VALUES ('A080', 'AS14');
INSERT INTO Alumno_tiene_Asignatura VALUES ('A080', 'AS15');
INSERT INTO Alumno_tiene_Asignatura VALUES ('A080', 'AS17');
INSERT INTO Alumno_tiene_Asignatura VALUES ('A080', 'AS18');
INSERT INTO Alumno_tiene_Asignatura VALUES ('A081', 'AS10');
INSERT INTO Alumno_tiene_Asignatura VALUES ('A081', 'AS11');
INSERT INTO Alumno_tiene_Asignatura VALUES ('A081', 'AS12');
INSERT INTO Alumno_tiene_Asignatura VALUES ('A081', 'AS13');
INSERT INTO Alumno_tiene_Asignatura VALUES ('A081', 'AS14');
INSERT INTO Alumno_tiene_Asignatura VALUES ('A081', 'AS15');
INSERT INTO Alumno_tiene_Asignatura VALUES ('A081', 'AS17');
INSERT INTO Alumno_tiene_Asignatura VALUES ('A081', 'AS18');
INSERT INTO Alumno_tiene_Asignatura VALUES ('A082', 'AS28');
INSERT INTO Alumno_tiene_Asignatura VALUES ('A082', 'AS29');
INSERT INTO Alumno_tiene_Asignatura VALUES ('A082', 'AS30');
INSERT INTO Alumno_tiene_Asignatura VALUES ('A082', 'AS31');
INSERT INTO Alumno_tiene_Asignatura VALUES ('A082', 'AS32');
INSERT INTO Alumno_tiene_Asignatura VALUES ('A082', 'AS33');
INSERT INTO Alumno_tiene_Asignatura VALUES ('A082', 'AS34');
INSERT INTO Alumno_tiene_Asignatura VALUES ('A082', 'AS36');
INSERT INTO Alumno_tiene_Asignatura VALUES ('A083', 'AS19');
INSERT INTO Alumno_tiene_Asignatura VALUES ('A083', 'AS20');
INSERT INTO Alumno_tiene_Asignatura VALUES ('A083', 'AS21');
INSERT INTO Alumno_tiene_Asignatura VALUES ('A083', 'AS22');
INSERT INTO Alumno_tiene_Asignatura VALUES ('A083', 'AS23');
INSERT INTO Alumno_tiene_Asignatura VALUES ('A083', 'AS24');
INSERT INTO Alumno_tiene_Asignatura VALUES ('A083', 'AS27');
INSERT INTO Alumno_tiene_Asignatura VALUES ('A083', 'AS25');
INSERT INTO Alumno_tiene_Asignatura VALUES ('A084', 'AS19');
INSERT INTO Alumno_tiene_Asignatura VALUES ('A084', 'AS20');
INSERT INTO Alumno_tiene_Asignatura VALUES ('A084', 'AS21');
INSERT INTO Alumno_tiene_Asignatura VALUES ('A084', 'AS22');
INSERT INTO Alumno_tiene_Asignatura VALUES ('A084', 'AS23');
INSERT INTO Alumno_tiene_Asignatura VALUES ('A084', 'AS24');
INSERT INTO Alumno_tiene_Asignatura VALUES ('A084', 'AS25');
INSERT INTO Alumno_tiene_Asignatura VALUES ('A084', 'AS27');
INSERT INTO Alumno_tiene_Asignatura VALUES ('A085', 'AS10');
INSERT INTO Alumno_tiene_Asignatura VALUES ('A085', 'AS11');
INSERT INTO Alumno_tiene_Asignatura VALUES ('A085', 'AS12');
INSERT INTO Alumno_tiene_Asignatura VALUES ('A085', 'AS13');
INSERT INTO Alumno_tiene_Asignatura VALUES ('A085', 'AS14');
INSERT INTO Alumno_tiene_Asignatura VALUES ('A085', 'AS15');
INSERT INTO Alumno_tiene_Asignatura VALUES ('A085', 'AS16');
INSERT INTO Alumno_tiene_Asignatura VALUES ('A085', 'AS18');
INSERT INTO Alumno_tiene_Asignatura VALUES ('A086', 'AS1');
INSERT INTO Alumno_tiene_Asignatura VALUES ('A086', 'AS2');
INSERT INTO Alumno_tiene_Asignatura VALUES ('A086', 'AS3');
INSERT INTO Alumno_tiene_Asignatura VALUES ('A086', 'AS4');
INSERT INTO Alumno_tiene_Asignatura VALUES ('A086', 'AS5');
INSERT INTO Alumno_tiene_Asignatura VALUES ('A086', 'AS6');
INSERT INTO Alumno_tiene_Asignatura VALUES ('A086', 'AS7');
INSERT INTO Alumno_tiene_Asignatura VALUES ('A086', 'AS8');
INSERT INTO Alumno_tiene_Asignatura VALUES ('A087', 'AS10');
INSERT INTO Alumno_tiene_Asignatura VALUES ('A087', 'AS11');
INSERT INTO Alumno_tiene_Asignatura VALUES ('A087', 'AS12');
INSERT INTO Alumno_tiene_Asignatura VALUES ('A087', 'AS13');
INSERT INTO Alumno_tiene_Asignatura VALUES ('A087', 'AS14');
INSERT INTO Alumno_tiene_Asignatura VALUES ('A087', 'AS15');
INSERT INTO Alumno_tiene_Asignatura VALUES ('A087', 'AS18');
INSERT INTO Alumno_tiene_Asignatura VALUES ('A087', 'AS16');
INSERT INTO Alumno_tiene_Asignatura VALUES ('A088', 'AS10');
INSERT INTO Alumno_tiene_Asignatura VALUES ('A088', 'AS11');
INSERT INTO Alumno_tiene_Asignatura VALUES ('A088', 'AS12');
INSERT INTO Alumno_tiene_Asignatura VALUES ('A088', 'AS13');
INSERT INTO Alumno_tiene_Asignatura VALUES ('A088', 'AS14');
INSERT INTO Alumno_tiene_Asignatura VALUES ('A088', 'AS15');
INSERT INTO Alumno_tiene_Asignatura VALUES ('A088', 'AS18');
INSERT INTO Alumno_tiene_Asignatura VALUES ('A088', 'AS17');
INSERT INTO Alumno_tiene_Asignatura VALUES ('A089', 'AS10');
INSERT INTO Alumno_tiene_Asignatura VALUES ('A089', 'AS11');
INSERT INTO Alumno_tiene_Asignatura VALUES ('A089', 'AS12');
INSERT INTO Alumno_tiene_Asignatura VALUES ('A089', 'AS13');
INSERT INTO Alumno_tiene_Asignatura VALUES ('A089', 'AS14');
INSERT INTO Alumno_tiene_Asignatura VALUES ('A089', 'AS15');
INSERT INTO Alumno_tiene_Asignatura VALUES ('A089', 'AS17');
INSERT INTO Alumno_tiene_Asignatura VALUES ('A089', 'AS18');
INSERT INTO Alumno_tiene_Asignatura VALUES ('A090', 'AS19');
INSERT INTO Alumno_tiene_Asignatura VALUES ('A090', 'AS20');
INSERT INTO Alumno_tiene_Asignatura VALUES ('A090', 'AS21');
INSERT INTO Alumno_tiene_Asignatura VALUES ('A090', 'AS22');
INSERT INTO Alumno_tiene_Asignatura VALUES ('A090', 'AS23');
INSERT INTO Alumno_tiene_Asignatura VALUES ('A090', 'AS24');
INSERT INTO Alumno_tiene_Asignatura VALUES ('A090', 'AS26');
INSERT INTO Alumno_tiene_Asignatura VALUES ('A090', 'AS27');
INSERT INTO Alumno_tiene_Asignatura VALUES ('A091', 'AS19');
INSERT INTO Alumno_tiene_Asignatura VALUES ('A091', 'AS20');
INSERT INTO Alumno_tiene_Asignatura VALUES ('A091', 'AS21');
INSERT INTO Alumno_tiene_Asignatura VALUES ('A091', 'AS22');
INSERT INTO Alumno_tiene_Asignatura VALUES ('A091', 'AS23');
INSERT INTO Alumno_tiene_Asignatura VALUES ('A091', 'AS24');
INSERT INTO Alumno_tiene_Asignatura VALUES ('A091', 'AS25');
INSERT INTO Alumno_tiene_Asignatura VALUES ('A091', 'AS27');
INSERT INTO Alumno_tiene_Asignatura VALUES ('A092', 'AS19');
INSERT INTO Alumno_tiene_Asignatura VALUES ('A092', 'AS20');
INSERT INTO Alumno_tiene_Asignatura VALUES ('A092', 'AS21');
INSERT INTO Alumno_tiene_Asignatura VALUES ('A092', 'AS22');
INSERT INTO Alumno_tiene_Asignatura VALUES ('A092', 'AS23');
INSERT INTO Alumno_tiene_Asignatura VALUES ('A092', 'AS24');
INSERT INTO Alumno_tiene_Asignatura VALUES ('A092', 'AS26');
INSERT INTO Alumno_tiene_Asignatura VALUES ('A092', 'AS25');
INSERT INTO Alumno_tiene_Asignatura VALUES ('A093', 'AS19');
INSERT INTO Alumno_tiene_Asignatura VALUES ('A093', 'AS20');
INSERT INTO Alumno_tiene_Asignatura VALUES ('A093', 'AS21');
INSERT INTO Alumno_tiene_Asignatura VALUES ('A093', 'AS22');
INSERT INTO Alumno_tiene_Asignatura VALUES ('A093', 'AS23');
INSERT INTO Alumno_tiene_Asignatura VALUES ('A093', 'AS24');
INSERT INTO Alumno_tiene_Asignatura VALUES ('A093', 'AS26');
INSERT INTO Alumno_tiene_Asignatura VALUES ('A093', 'AS27');
INSERT INTO Alumno_tiene_Asignatura VALUES ('A094', 'AS28');
INSERT INTO Alumno_tiene_Asignatura VALUES ('A094', 'AS29');
INSERT INTO Alumno_tiene_Asignatura VALUES ('A094', 'AS30');
INSERT INTO Alumno_tiene_Asignatura VALUES ('A094', 'AS31');
INSERT INTO Alumno_tiene_Asignatura VALUES ('A094', 'AS32');
INSERT INTO Alumno_tiene_Asignatura VALUES ('A094', 'AS33');
INSERT INTO Alumno_tiene_Asignatura VALUES ('A094', 'AS34');
INSERT INTO Alumno_tiene_Asignatura VALUES ('A094', 'AS35');
INSERT INTO Alumno_tiene_Asignatura VALUES ('A095', 'AS10');
INSERT INTO Alumno_tiene_Asignatura VALUES ('A095', 'AS11');
INSERT INTO Alumno_tiene_Asignatura VALUES ('A095', 'AS12');
INSERT INTO Alumno_tiene_Asignatura VALUES ('A095', 'AS13');
INSERT INTO Alumno_tiene_Asignatura VALUES ('A095', 'AS14');
INSERT INTO Alumno_tiene_Asignatura VALUES ('A095', 'AS15');
INSERT INTO Alumno_tiene_Asignatura VALUES ('A095', 'AS18');
INSERT INTO Alumno_tiene_Asignatura VALUES ('A095', 'AS17');
INSERT INTO Alumno_tiene_Asignatura VALUES ('A096', 'AS19');
INSERT INTO Alumno_tiene_Asignatura VALUES ('A096', 'AS20');
INSERT INTO Alumno_tiene_Asignatura VALUES ('A096', 'AS21');
INSERT INTO Alumno_tiene_Asignatura VALUES ('A096', 'AS22');
INSERT INTO Alumno_tiene_Asignatura VALUES ('A096', 'AS23');
INSERT INTO Alumno_tiene_Asignatura VALUES ('A096', 'AS24');
INSERT INTO Alumno_tiene_Asignatura VALUES ('A096', 'AS27');
INSERT INTO Alumno_tiene_Asignatura VALUES ('A096', 'AS25');
INSERT INTO Alumno_tiene_Asignatura VALUES ('A097', 'AS1');
INSERT INTO Alumno_tiene_Asignatura VALUES ('A097', 'AS2');
INSERT INTO Alumno_tiene_Asignatura VALUES ('A097', 'AS3');
INSERT INTO Alumno_tiene_Asignatura VALUES ('A097', 'AS4');
INSERT INTO Alumno_tiene_Asignatura VALUES ('A097', 'AS5');
INSERT INTO Alumno_tiene_Asignatura VALUES ('A097', 'AS6');
INSERT INTO Alumno_tiene_Asignatura VALUES ('A097', 'AS8');
INSERT INTO Alumno_tiene_Asignatura VALUES ('A097', 'AS9');
INSERT INTO Alumno_tiene_Asignatura VALUES ('A098', 'AS10');
INSERT INTO Alumno_tiene_Asignatura VALUES ('A098', 'AS11');
INSERT INTO Alumno_tiene_Asignatura VALUES ('A098', 'AS12');
INSERT INTO Alumno_tiene_Asignatura VALUES ('A098', 'AS13');
INSERT INTO Alumno_tiene_Asignatura VALUES ('A098', 'AS14');
INSERT INTO Alumno_tiene_Asignatura VALUES ('A098', 'AS15');
INSERT INTO Alumno_tiene_Asignatura VALUES ('A098', 'AS18');
INSERT INTO Alumno_tiene_Asignatura VALUES ('A098', 'AS16');
INSERT INTO Alumno_tiene_Asignatura VALUES ('A099', 'AS19');
INSERT INTO Alumno_tiene_Asignatura VALUES ('A099', 'AS20');
INSERT INTO Alumno_tiene_Asignatura VALUES ('A099', 'AS21');
INSERT INTO Alumno_tiene_Asignatura VALUES ('A099', 'AS22');
INSERT INTO Alumno_tiene_Asignatura VALUES ('A099', 'AS23');
INSERT INTO Alumno_tiene_Asignatura VALUES ('A099', 'AS24');
INSERT INTO Alumno_tiene_Asignatura VALUES ('A099', 'AS25');
INSERT INTO Alumno_tiene_Asignatura VALUES ('A099', 'AS27');
INSERT INTO Alumno_tiene_Asignatura VALUES ('A100', 'AS1');
INSERT INTO Alumno_tiene_Asignatura VALUES ('A100', 'AS2');
INSERT INTO Alumno_tiene_Asignatura VALUES ('A100', 'AS3');
INSERT INTO Alumno_tiene_Asignatura VALUES ('A100', 'AS4');
INSERT INTO Alumno_tiene_Asignatura VALUES ('A100', 'AS5');
INSERT INTO Alumno_tiene_Asignatura VALUES ('A100', 'AS6');
INSERT INTO Alumno_tiene_Asignatura VALUES ('A100', 'AS8');
INSERT INTO Alumno_tiene_Asignatura VALUES ('A100', 'AS7');


SELECT 
    a.id_asignatura,
    asig.descripcion_asignatura
FROM 
    Alumno_tiene_Asignatura a
JOIN 
    Asignatura asig ON a.id_asignatura = asig.id_asignatura
WHERE 
    a.id_alumno = 'A001';
	
-- CONSULTAS
	
-- 1. MOSTRAR TODOS LOS REGISTROS DE LA TABLA Alumno

SELECT id_alumno, nombre_alumno FROM Alumno; 
SELECT * From Alumno;

-- 2. INSERTAR UN NUEVO ALUMNO

DESCRIBE Alumno;
+-----------------+-------------+------+-----+---------+-------+
| Field           | Type        | Null | Key | Default | Extra |
+-----------------+-------------+------+-----+---------+-------+
| id_alumno       | char(8)     | NO   | PRI | NULL    |       |
| nombre_alumno   | varchar(50) | NO   |     | NULL    |       |
| curso           | char(6)     | NO   |     | NULL    |       |
| fecha_matricula | date        | NO   |     | NULL    |       |
+-----------------+-------------+------+-----+---------+-------+

INSERT INTO Alumno (id_alumno, nombre_alumno, curso, fecha_matricula) 
VALUES ('A101', 'Walter Ismael Sagástegui Lescano', '4º ESO', '2025-04-22');

-- 3. ELIMINAR EL ALUMNO INSERTADO

DELETE FROM Alumno WHERE id_alumno = 'A101';

-- 4. MOSTRAR LAS ASIGNATURAS DEL ALUMNO A001

SELECT 
    a.id_asignatura,
    s.descripcion_asignatura
FROM 
    Alumno_tiene_Asignatura a
JOIN 
    Asignatura s ON a.id_asignatura = s.id_asignatura
WHERE 
    a.id_alumno = 'A001';
	
-- MOSTRAR LOS ALUMNOS MATRICULADOS EN UNA ASIGNATURA AS10

SELECT 
    al.id_alumno,
    al.nombre_alumno
FROM 
    Alumno_tiene_Asignatura a
JOIN 
    Alumno al ON al.id_alumno = a.id_alumno
WHERE 
    a.id_asignatura = 'AS10';
	
-- MOSTRAR EL NOMBRE DEL ALUMNO CON ID_ALUMNO A001

SELECT id_alumno, nombre_alumno
FROM Alumno
WHERE id_alumno = 'A001';

-- MOSTRAR LOS CODIGO DE SUS ASIGNATURAS DEL ALUMNO A001

SELECT id_asignatura
FROM Alumno_tiene_Asignatura
WHERE id_alumno = 'A001';

	
	

